USE TRAINLYIO;
/* DML Queries to populate the table Student */
INSERT INTO Student (StudentEmail, Fname, Lname, Password, ProfilePic, Street, City, Country, PostalCode) VALUES ("chang.chen2@husky.neu.edu", "Chang", "Chen", "$2a$10$n8H2XfS.8RCm/xRPrAZPpeSp4QH30FKK2WkaJHMsFLPg2GQ4HncZy", "images/profile_pic.png", "85 Trevalley Rd", "Revere", "USA", "02151");
 
INSERT INTO Student (StudentEmail, Fname, Lname, Password, ProfilePic, Street, City, Country, PostalCode) VALUES ("rao.va@husky.neu.edu", "Varsha", "Rao", "$2a$10$n8H2XfS.8RCm/xRPrAZPpeSp4QH30FKK2WkaJHMsFLPg2GQ4HncZy", "images/profile_pic.png", "1802 Alphonsus St", "Boston", "USA", "02120");
 
INSERT INTO Student (StudentEmail, Fname, Lname, Password, ProfilePic, Street, City, Country, PostalCode) VALUES ("nikhil.n@husky.neu.edu", "Nikhil", "Nikhil", "$2a$10$n8H2XfS.8RCm/xRPrAZPpeSp4QH30FKK2WkaJHMsFLPg2GQ4HncZy", "images/profile_pic.png", "858 Huntington Ave", "Boston", "USA", "02115");
 
INSERT INTO Student (StudentEmail, Fname, Lname, Password, ProfilePic, Street, City, Country, PostalCode) VALUES("deb.sh@husky.neu.edu","Shubham","Deb","$2a$10$n8H2XfS.8RCm/xRPrAZPpeSp4QH30FKK2WkaJHMsFLPg2GQ4HncZy","images/profile_pic.png","CityView","Boston","USA","02120");
 
INSERT INTO Student (StudentEmail, Fname, Lname, Password, ProfilePic, Street, City, Country, PostalCode) Values("john.smith@gmail.com","John","Smith","$2a$10$n8H2XfS.8RCm/xRPrAZPpeSp4QH30FKK2WkaJHMsFLPg2GQ4HncZy","images/profile_pic.png","No 1711 22 Park Drive","Boston","USA","02120");
 
INSERT INTO Student (StudentEmail, Fname, Lname, Password, ProfilePic, Street, City, Country, PostalCode) Values("james.bond@gmail.com","James","Bond","$2a$10$n8H2XfS.8RCm/xRPrAZPpeSp4QH30FKK2WkaJHMsFLPg2GQ4HncZy","images/profile_pic.png","No 3 Mission Hill Apartment","Boston","USA","02120");
 
INSERT INTO Student (StudentEmail, Fname, Lname, Password, ProfilePic, Street, City, Country, PostalCode) VALUES("mary.patrick@gmail.com","Mary","Patrick","$2a$10$n8H2XfS.8RCm/xRPrAZPpeSp4QH30FKK2WkaJHMsFLPg2GQ4HncZy","images/profile_pic.png","Tremont Street","Philadelphia","USA","03756");
 
INSERT INTO Student (StudentEmail, Fname, Lname, Password, ProfilePic, Street, City, Country, PostalCode) VALUES ("ian.smith@gmail.com", "Ian", "Smith", "$2a$10$n8H2XfS.8RCm/xRPrAZPpeSp4QH30FKK2WkaJHMsFLPg2GQ4HncZy", "images/profile_pic.png", "303 Huntington Ave", "Boston", "USA", "02115");
 
INSERT INTO Student (StudentEmail, Fname, Lname, Password, ProfilePic, Street, City, Country, PostalCode) VALUES("harry.potter@gmail.com","Harry","Potter","$2a$10$n8H2XfS.8RCm/xRPrAZPpeSp4QH30FKK2WkaJHMsFLPg2GQ4HncZy","images/profile_pic.png","New England Street","London","England","01421");
 
INSERT INTO Student (StudentEmail, Fname, Lname, Password, ProfilePic, Street, City, Country, PostalCode) Values("william.doe@gmail.com","William","Doe","$2a$10$n8H2XfS.8RCm/xRPrAZPpeSp4QH30FKK2WkaJHMsFLPg2GQ4HncZy","images/profile_pic.png","No 5 Tremont Street","Boston","USA","02120");
 
INSERT INTO Student (StudentEmail, Fname, Lname, Password, ProfilePic, Street, City, Country, PostalCode) Values("chris.grey@gmail.com","Chris","Grey","$2a$10$n8H2XfS.8RCm/xRPrAZPpeSp4QH30FKK2WkaJHMsFLPg2GQ4HncZy","images/profile_pic.png","No 5 Mission Main Department","Boston","USA","02180");
 
INSERT INTO Student (StudentEmail, Fname, Lname, Password, ProfilePic, Street, City, Country, PostalCode) VALUES ("john.peterson@gmail.com", "John", "Peterson", "$2a$10$n8H2XfS.8RCm/xRPrAZPpeSp4QH30FKK2WkaJHMsFLPg2GQ4HncZy", "images/profile_pic.png", "123 Beacon St", "Boston", "USA", "02121");
 
INSERT INTO Student (StudentEmail, Fname, Lname, Password, ProfilePic, Street, City, Country, PostalCode) VALUES("jack.daniel@gmail.com","Jack","Daniel","$2a$10$n8H2XfS.8RCm/xRPrAZPpeSp4QH30FKK2WkaJHMsFLPg2GQ4HncZy","images/profile_pic.png","121 Boulevard Avenue","New York","USA","01426");
 
INSERT INTO Student (StudentEmail, Fname, Lname, Password, ProfilePic, Street, City, Country, PostalCode) VALUES ("taylor.swift@gmail.com", "Taylor", "Swift", "$2a$10$n8H2XfS.8RCm/xRPrAZPpeSp4QH30FKK2WkaJHMsFLPg2GQ4HncZy", "images/profile_pic.png", "234 Hollywood Blvd", "Los Angeles", "USA", "01021");
 
INSERT INTO Student (StudentEmail, Fname, Lname, Password, ProfilePic, Street, City, Country, PostalCode) VALUES ("will.smith@gmail.com", "Will", "Smith", "$2a$10$n8H2XfS.8RCm/xRPrAZPpeSp4QH30FKK2WkaJHMsFLPg2GQ4HncZy", "images/profile_pic.png", "No1 Weit Street", "Boston", "USA", "02120");
 
INSERT INTO Student (StudentEmail, Fname, Lname, Password, ProfilePic, Street, City, Country, PostalCode) VALUES ("robert.garfield@gmail.com", "Robert", "Garfield", "$2a$10$n8H2XfS.8RCm/xRPrAZPpeSp4QH30FKK2WkaJHMsFLPg2GQ4HncZy", "images/profile_pic.png", "121 Hollywood Blvd", "Los Angeles", "USA", "01021");
 
INSERT INTO Student (StudentEmail, Fname, Lname, Password, ProfilePic, Street, City, Country, PostalCode) VALUES("katy.perry@gmail.com","Katy","Perry","$2a$10$n8H2XfS.8RCm/xRPrAZPpeSp4QH30FKK2WkaJHMsFLPg2GQ4HncZy","images/profile_pic.png","SunnyVale","San Francisco","USA","01449");
 
INSERT INTO Student (StudentEmail, Fname, Lname, Password, ProfilePic, Street, City, Country, PostalCode) VALUES ("nicholas.anderson@gmail.com", "Nicholas", "Anderson", "$2a$10$n8H2XfS.8RCm/xRPrAZPpeSp4QH30FKK2WkaJHMsFLPg2GQ4HncZy", "images/profile_pic.png", "25 SuperStar Street", "Boston", "USA", "02120");
 
INSERT INTO Student (StudentEmail, Fname, Lname, Password, ProfilePic, Street, City, Country, PostalCode) VALUES ("helen.smith@gmail.com", "Helen", "Smith", "$2a$10$n8H2XfS.8RCm/xRPrAZPpeSp4QH30FKK2WkaJHMsFLPg2GQ4HncZy", "images/profile_pic.png", "1211 Hollywood Blvd", "Los Angeles", "USA", "01021");
 
INSERT INTO Student (StudentEmail, Fname, Lname, Password, ProfilePic, Street, City, Country, PostalCode) VALUES ("bruno.mars@gmail.com", "Bruno", "Mars", "$2a$10$n8H2XfS.8RCm/xRPrAZPpeSp4QH30FKK2WkaJHMsFLPg2GQ4HncZy", "images/profile_pic.png", "124 South Avenue", "Georgia", "USA", "03421");
 
INSERT INTO Student (StudentEmail, Fname, Lname, Password, ProfilePic, Street, City, Country, PostalCode) VALUES ("emma.stone@gmail.com", "Emma", "Stone", "$2a$10$n8H2XfS.8RCm/xRPrAZPpeSp4QH30FKK2WkaJHMsFLPg2GQ4HncZy", "images/profile_pic.png", "1011 Hollywood Blvd", "Los Angeles", "USA", "01021");
 
INSERT INTO Student (StudentEmail, Fname, Lname, Password, ProfilePic, Street, City, Country, PostalCode) VALUES ("martin.luther@gmail.com", "Martin", "Luther", "$2a$10$n8H2XfS.8RCm/xRPrAZPpeSp4QH30FKK2WkaJHMsFLPg2GQ4HncZy", "images/profile_pic.png", "1314 Commonwealth Ave", "Boston", "USA", "02130");
 
INSERT INTO Student (StudentEmail, Fname, Lname, Password, ProfilePic, Street, City, Country, PostalCode) VALUES ("andrew.garfield@gmail.com", "Andrew", "Garfield", "$2a$10$n8H2XfS.8RCm/xRPrAZPpeSp4QH30FKK2WkaJHMsFLPg2GQ4HncZy", "images/profile_pic.png", "1012 Hollywood Blvd", "Los Angeles", "USA", "01021");
 
INSERT INTO Student (StudentEmail, Fname, Lname, Password, ProfilePic, Street, City, Country, PostalCode) VALUES ("angelina.jolie@gmail.com", "Angelina", "Jolie", "$2a$10$n8H2XfS.8RCm/xRPrAZPpeSp4QH30FKK2WkaJHMsFLPg2GQ4HncZy", "images/profile_pic.png", "12 Hollywood Blvd", "Los Angeles", "USA", "01021");
 
INSERT INTO Student (StudentEmail, Fname, Lname, Password, ProfilePic, Street, City, Country, PostalCode) VALUES ("enrique.iglesias@gmail.com", "Enrique", "Iglesias", "$2a$10$n8H2XfS.8RCm/xRPrAZPpeSp4QH30FKK2WkaJHMsFLPg2GQ4HncZy", "images/profile_pic.png", "whatever street", "Boston", "USA", "02130");
 
INSERT INTO Student (StudentEmail, Fname, Lname, Password, ProfilePic, Street, City, Country, PostalCode) VALUES ("faculty_email", "William", "Clinger", "$2a$10$n8H2XfS.8RCm/xRPrAZPpeSp4QH30FKK2WkaJHMsFLPg2GQ4HncZy", "images/profile_pic.png", "85 Huntington Ave", "Boston", "USA", "02114");
 
/* DML Queries to populate the table Admin */
INSERT INTO Admin VALUES ("101","chang.chen2@husky.neu.edu", "Chang", "Chen", "0702", "images/profile_pic.png", "85 Trevalley Rd", "Revere", "USA", "02151","101",'2017-10-01','00:00:00');
 
INSERT INTO Admin Values("105","john.smith@gmail.com","John","Smith","$2a$10$n8H2XfS.8RCm/xRPrAZPpeSp4QH30FKK2WkaJHMsFLPg2GQ4HncZy","images/profile_pic.png","No 1711 22 Park Drive","Boston","USA","02120","101",'2017-10-02','17:05:00');
 
INSERT INTO Admin VALUES("109","harry.potter@gmail.com","Harry","Potter","$2a$10$n8H2XfS.8RCm/xRPrAZPpeSp4QH30FKK2WkaJHMsFLPg2GQ4HncZy","images/profile_pic.png","New England Street","London","England","01421","105",'2017-10-02','17:10:00');
 
INSERT INTO Admin VALUES ("108","ian.smith@gmail.com", "Ian", "Smith", "$2a$10$n8H2XfS.8RCm/xRPrAZPpeSp4QH30FKK2WkaJHMsFLPg2GQ4HncZy", "images/profile_pic.png", "303 Huntington Ave", "Boston", "USA", "02115","109",'2017-10-03','14:05:00');
 
INSERT INTO Admin Values("111","chris.grey@gmail.com","Chris","Grey","$2a$10$n8H2XfS.8RCm/xRPrAZPpeSp4QH30FKK2WkaJHMsFLPg2GQ4HncZy","images/profile_pic.png","No 5 Mission Main Department","Boston","USA","02180","109",'2017-10-04','01:15:00');
 
INSERT INTO Admin VALUES ("116","robert.garfield@gmail.com", "Robert", "Garfield", "$2a$10$n8H2XfS.8RCm/xRPrAZPpeSp4QH30FKK2WkaJHMsFLPg2GQ4HncZy", "images/profile_pic.png", "121 Hollywood Blvd", "Los Angeles", "USA", "01021","111",'2017-10-04','01:18:00');
 
INSERT INTO Admin VALUES ("114","taylor.swift@gmail.com", "Taylor", "Swift", "$2a$10$n8H2XfS.8RCm/xRPrAZPpeSp4QH30FKK2WkaJHMsFLPg2GQ4HncZy", "images/profile_pic.png", "234 Hollywood Blvd", "Los Angeles", "USA", "01021","108",'2017-10-06','10:15:00');
 
INSERT INTO Admin VALUES ("120","bruno.mars@gmail.com", "Bruno", "Mars", "$2a$10$n8H2XfS.8RCm/xRPrAZPpeSp4QH30FKK2WkaJHMsFLPg2GQ4HncZy", "images/profile_pic.png", "124 South Avenue", "Georgia", "USA", "03421","114",'2017-11-01','11:30:00');
 
INSERT INTO Admin VALUES ("119","helen.smith@gmail.com", "Helen", "Smith", "$2a$10$n8H2XfS.8RCm/xRPrAZPpeSp4QH30FKK2WkaJHMsFLPg2GQ4HncZy", "images/profile_pic.png", "1211 Hollywood Blvd", "Los Angeles", "USA", "01021","120",'2017-12-06','10:15:00');
 
INSERT INTO Admin VALUES ("118","nicholas.anderson@gmail.com", "Nicholas", "Anderson", "$2a$10$n8H2XfS.8RCm/xRPrAZPpeSp4QH30FKK2WkaJHMsFLPg2GQ4HncZy", "images/profile_pic.png", "25 SuperStar Street", "Boston", "USA", "02120","120",'2017-12-01','11:30:00');
 
/* DML Queries to populate the table Faculty*/
INSERT INTO Faculty VALUES("104","deb.sh@husky.neu.edu","Shubham","Deb","$2a$10$n8H2XfS.8RCm/xRPrAZPpeSp4QH30FKK2WkaJHMsFLPg2GQ4HncZy","images/profile_pic.png","CityView","Boston","USA","02120","Dean","Mr","shubhamdeb.com","101","2017-12-21","12:30:45");
 
INSERT INTO Faculty VALUES ("103","nikhil.n@husky.neu.edu", "Nikhil", "Nikhil", "$2a$10$n8H2XfS.8RCm/xRPrAZPpeSp4QH30FKK2WkaJHMsFLPg2GQ4HncZy", "images/profile_pic.png", "858 Huntington Ave", "Boston", "USA", "02115", "Associate Dean", "Mr", "nikhilnikhil.com", "101", "2017-12-22", "01:20:13");
 
INSERT INTO Faculty VALUES ("120","bruno.mars@gmail.com", "Bruno", "Mars", "$2a$10$n8H2XfS.8RCm/xRPrAZPpeSp4QH30FKK2WkaJHMsFLPg2GQ4HncZy", "images/profile_pic.png", "124 South Avenue", "Georgia", "USA", "03421", "Professor", "Mr", "brunomars.com", "101", "2017-12-23", "01:22:13");
 
INSERT INTO Faculty VALUES ("116","robert.garfield@gmail.com", "Robert", "Garfield", "$2a$10$n8H2XfS.8RCm/xRPrAZPpeSp4QH30FKK2WkaJHMsFLPg2GQ4HncZy", "images/profile_pic.png", "121 Hollywood Blvd", "Los Angeles", "USA", "01021", " Associate Professor", "Mr", "robertgarfield.com", "101", "2017-12-24", "01:22:13");
 
INSERT INTO Faculty VALUES("113","jack.daniel@gmail.com","Jack","Daniel","$2a$10$n8H2XfS.8RCm/xRPrAZPpeSp4QH30FKK2WkaJHMsFLPg2GQ4HncZy","images/profile_pic.png","121 Boulevard Avenue","New York","USA","01426", " Associate Professor", "Mr", "jackdaniel.com", "101", "2017-12-25", "02:22:13");
 
INSERT INTO Faculty VALUES ("115","will.smith@gmail.com", "Will", "Smith", "$2a$10$n8H2XfS.8RCm/xRPrAZPpeSp4QH30FKK2WkaJHMsFLPg2GQ4HncZy", "images/profile_pic.png", "No1 Weit Street", "Boston", "USA", "02120", " Associate Professor", "Mr", "willsmith.com", "101", "2017-12-13", "02:13:13");
 
INSERT INTO Faculty VALUES("107","mary.patrick@gmail.com","Mary","Patrick","$2a$10$n8H2XfS.8RCm/xRPrAZPpeSp4QH30FKK2WkaJHMsFLPg2GQ4HncZy","images/profile_pic.png","Tremont Street","Philadelphia","USA","03756", "Associate Professor", "Mr", "marypatrick.com", "101", "2017-12-15", "02:12:33");
 
INSERT INTO Faculty VALUES("109","harry.potter@gmail.com","Harry","Potter","$2a$10$n8H2XfS.8RCm/xRPrAZPpeSp4QH30FKK2WkaJHMsFLPg2GQ4HncZy","images/profile_pic.png","New England Street","London","England","01421","Associate Professor", "Mr", "harrypotter.com", "101", "2017-11-25", "03:22:13");
 
INSERT INTO Faculty Values("110","william.doe@gmail.com", "William", "Doe", "$2a$10$n8H2XfS.8RCm/xRPrAZPpeSp4QH30FKK2WkaJHMsFLPg2GQ4HncZy", "images/profile_pic.png", "No 5 Tremont Street", "Boston", "USA", "02120", "Associate Professor", "Mr", "williamdoe.com", "101", "2017-12-14", "03:12:13");
 
INSERT INTO Faculty Values("106","james.bond@gmail.com","James","Bond","$2a$10$n8H2XfS.8RCm/xRPrAZPpeSp4QH30FKK2WkaJHMsFLPg2GQ4HncZy","images/profile_pic.png","No 3 Mission Hill Apartment","Boston","USA","02120","Associate Professor", "Mr", "jamesbond.com", "101", "2017-11-17", "04:23:43");
 
INSERT INTO Faculty VALUES ("112","john.peterson@gmail.com", "John", "Peterson", "$2a$10$n8H2XfS.8RCm/xRPrAZPpeSp4QH30FKK2WkaJHMsFLPg2GQ4HncZy", "images/profile_pic.png", "123 Beacon St", "Boston", "USA", "02121", "Professor", "Mr", "johnpeterson.com", "101", "2017-11-17", "04:13:43");
 
INSERT INTO Faculty VALUES ("108","ian.smith@gmail.com", "Ian", "Smith", "$2a$10$n8H2XfS.8RCm/xRPrAZPpeSp4QH30FKK2WkaJHMsFLPg2GQ4HncZy", "images/profile_pic.png", "303 Huntington Ave", "Boston", "USA", "02115","Associate Professor", "Mr", "iansmith.com", "101", "2017-12-29", "03:15:13");
 
INSERT INTO Faculty VALUES ("126","faculty_email", "William", "Clinger", "$2a$10$n8H2XfS.8RCm/xRPrAZPpeSp4QH30FKK2WkaJHMsFLPg2GQ4HncZy", "images/profile_pic.png", "85 Huntington Ave", "Boston", "USA", "02114", "Professor", "Mr", "willliamclinger.com", NULL, NULL, NULL);
 
/* DML Queries to populate the table StudentPhone */
INSERT INTO StudentPhone VALUES ("101", "8571237851");
INSERT INTO StudentPhone VALUES ("103", "8577012452");
INSERT INTO StudentPhone VALUES ("103", "8577011232");
INSERT INTO StudentPhone VALUES ("104", "8577012451");
INSERT INTO StudentPhone VALUES ("104", "8577016742");
INSERT INTO StudentPhone VALUES ("105", "8571237444");
INSERT INTO StudentPhone VALUES ("106", "8577012457");
INSERT INTO StudentPhone VALUES ("106", "8577912217");
INSERT INTO StudentPhone VALUES ("107", "8577012455");
INSERT INTO StudentPhone VALUES ("107", "8577912215");
INSERT INTO StudentPhone VALUES ("107", "7268934562");
INSERT INTO StudentPhone VALUES ("108", "8571237021");
INSERT INTO StudentPhone VALUES ("109", "8577012456");
INSERT INTO StudentPhone VALUES ("109", "8571232222");
INSERT INTO StudentPhone VALUES ("109", "8577912216");
INSERT INTO StudentPhone VALUES ("111", "8571231111");
INSERT INTO StudentPhone VALUES ("112", "8578004821");
INSERT INTO StudentPhone VALUES ("114", "8571237777");
INSERT INTO StudentPhone VALUES ("115", "7268034892");
INSERT INTO StudentPhone VALUES ("115", "7668934812");
INSERT INTO StudentPhone VALUES ("115", "9268037892");
INSERT INTO StudentPhone VALUES ("116", "8571236666");
INSERT INTO StudentPhone VALUES ("116", "8268034879");
INSERT INTO StudentPhone VALUES ("116", "8568934891");
INSERT INTO StudentPhone VALUES ("116", "7268034889");
INSERT INTO StudentPhone VALUES ("118", "8571235555");
INSERT INTO StudentPhone VALUES ("119", "8571233333");
INSERT INTO StudentPhone VALUES ("120", "8578004829");
INSERT INTO StudentPhone VALUES ("120", "8578004831");
INSERT INTO StudentPhone VALUES ("120", "8578004849");
 
 
 
 
/*DML Queries to populate the table Course*/
INSERT INTO Course VALUES ("001","Physics","Basic Concepts of Physics",5000, "images/course_icon.png", "Atoms");
INSERT INTO Course VALUES ("002","Chemistry", "Basic Concepts of Chemistry", 5000, "course_icon.png", "Periodic Table");
INSERT INTO Course VALUES ("003","Zoology", "Basic Concepts of Zoology", 6000, "course_icon.png", "Animal Kingdom");
INSERT INTO Course VALUES ("004","Botany", "Basic Concepts of Botany", 5000, "course_icon.png", "Plants");
INSERT INTO Course VALUES ("005","Algebra", "Basic Concepts of Algebra", 7000, "course_icon.png", "Quadratic Equations");
INSERT INTO Course VALUES ("006","Geometry", "Basic Concepts of Geometry", 5000, "course_icon.png", "3D Geometry");
INSERT INTO Course VALUES ("007","Arithmetics", "Basic Concepts of Arithmetics", 5000, "course_icon.png", "Arithmetic Progressions");
INSERT INTO Course VALUES ("008","Databases", "Basic Concepts of Databases", 5000, "course_icon.png", "Relational Database");
INSERT INTO Course VALUES ("009","Web Development", "Basic Concepts of Web Development", 4500, "course_icon.png", "HTML5");
INSERT INTO Course VALUES ("010","Java", "Basic Concepts of Java", 5000, "course_icon.png", "Periodic Classes");
 
/*DML Queries to populate the table Secondary_Topic*/
INSERT INTO Secondary_Topic VALUES ("001","Magnetic Field");
INSERT INTO Secondary_Topic VALUES ("001","Electric Current");
INSERT INTO Secondary_Topic VALUES ("002","Structure of Benzene");
INSERT INTO Secondary_Topic VALUES ("002","Extraction of Gold");
INSERT INTO Secondary_Topic VALUES ("003","Annelida");
INSERT INTO Secondary_Topic VALUES ("003","Animal Cell");
INSERT INTO Secondary_Topic VALUES ("004","Plant Cell");
INSERT INTO Secondary_Topic VALUES ("005","Linear Algebra");
INSERT INTO Secondary_Topic VALUES ("009","CSS3");
INSERT INTO Secondary_Topic VALUES ("008","Normalization");
INSERT INTO Secondary_Topic VALUES ("010","Inheritance");
INSERT INTO Secondary_Topic VALUES ("006","Circle");
INSERT INTO Secondary_Topic VALUES ("006","Properties of Triangle");
INSERT INTO Secondary_Topic VALUES ("010","Polymorphism");
 
/*DML Queries to populate the table Interested*/
INSERT INTO Interested VALUES ("115", "001");
INSERT INTO Interested VALUES ("115", "005");
INSERT INTO Interested VALUES ("114", "002");
INSERT INTO Interested VALUES ("114", "004");
INSERT INTO Interested VALUES ("124", "003");
INSERT INTO Interested VALUES ("124", "002");
INSERT INTO Interested VALUES ("120", "010");
INSERT INTO Interested VALUES ("120", "008");
INSERT INTO Interested VALUES ("109", "006");
INSERT INTO Interested VALUES ("109", "009");
INSERT INTO Interested VALUES ("112", "009");
INSERT INTO Interested VALUES ("112", "010");
INSERT INTO Interested VALUES ("113", "003");
 
/*DML Queries to populate the table Creates*/
INSERT INTO Creates VALUES ("120", "002", "2012-01-01");
INSERT INTO Creates VALUES ("120", "001", "2011-01-01");
INSERT INTO Creates VALUES ("109", "006", "2012-01-01");
INSERT INTO Creates VALUES ("109", "009", "2009-01-01");
INSERT INTO Creates VALUES ("108", "004", "2010-01-01");
INSERT INTO Creates VALUES ("108", "005", "2012-01-01");
INSERT INTO Creates VALUES ("112", "007", "2011-01-01");
INSERT INTO Creates VALUES ("112", "008", "2011-01-01");
INSERT INTO Creates VALUES ("107", "010", "2010-01-01");
INSERT INTO Creates VALUES ("107", "008", "2013-01-01");
INSERT INTO Creates VALUES ("107", "003", "2011-01-01");
 
/*DML Queries to populate the table Enrolled*/
INSERT INTO Enrolled VALUES("113","001","2018-05-21","12:45:45","Not Good",1,"2016-05-21","11:23:34", "123452");
INSERT INTO Enrolled VALUES("113","002","2017-12-21","11:35:45","Better take this course",4,"2016-05-21","10:13:34", "123456");
INSERT INTO Enrolled VALUES("113","004","2018-04-11","12:45:45","Average",3,"2016-05-21","09:45:34", "123416");
INSERT INTO Enrolled VALUES("106","006","2016-03-10","09:15:45","This is a tough course",3,"2015-11-11","09:45:34", "113456");
INSERT INTO Enrolled VALUES("106","007","2016-05-10","09:35:45","Professor is not good enough",2,"2015-02-21","05:15:34", "123256");
INSERT INTO Enrolled VALUES("107","007","2016-04-10","07:25:45","Tough course",2,"2015-04-14","05:23:34", "823456");
INSERT INTO Enrolled VALUES("107","005","2016-04-12","07:35:45","Easy course",5,"2015-04-14","05:03:34", "623456");
INSERT INTO Enrolled VALUES("112","002","2017-10-10","11:25:45","complex covalent bonds!!",3,"2014-02-14","06:23:34", "128856");
INSERT INTO Enrolled VALUES("112","001",null,null,null,null,"2015-02-14","07:23:34", "120056");
INSERT INTO Enrolled VALUES("112","004","2017-10-10","11:25:45","plants plants plants",5,"2015-01-14","05:23:34", "123401");
INSERT INTO Enrolled VALUES("107","006","2017-10-11","11:25:45","Great professor!",5,"2015-01-14","05:20:34", "123106");
INSERT INTO Enrolled VALUES("107","009","2017-10-11","11:25:45","Pretty good!",5,"2015-01-14","05:20:34", "199456");
INSERT INTO Enrolled VALUES("113","006","2017-10-11","11:25:45","Awesome professor!",5,"2015-01-14","05:20:34", "123356");
INSERT INTO Enrolled VALUES("113","009","2017-10-15","10:25:40","Great course",5,"2015-01-17","05:20:34", "123926");
INSERT INTO Enrolled VALUES("107","004",null,null,null,null,"2015-01- 14","05:23:34", "103456");
 
/*DML Queries to populate the table Course_Material*/
INSERT INTO Course_Material VALUES ("Background of web-1","009",1);
INSERT INTO Course_Material VALUES ("HTML-1","009",2);
INSERT INTO Course_Material VALUES ("PHP-1","009",3);
INSERT INTO Course_Material VALUES ("Background of math-1","006",1);
INSERT INTO Course_Material VALUES ("Easy math-1","006",2);
INSERT INTO Course_Material VALUES ("Difficult as hell-1","006",3);
INSERT INTO Course_Material VALUES ("Background of zoo-1","003",1);
INSERT INTO Course_Material VALUES ("Background of animal-1","003",2);
INSERT INTO Course_Material VALUES ("Background of human-1","003",3);
INSERT INTO Course_Material VALUES ("Background of java-1","010",1);
INSERT INTO Course_Material VALUES ("Background of web-2","009",4);
INSERT INTO Course_Material VALUES ("HTML-2","009",5);
INSERT INTO Course_Material VALUES ("PHP-2","009",6);
INSERT INTO Course_Material VALUES ("Background of math-2","006",4);
INSERT INTO Course_Material VALUES ("Easy math-2","006",5);
INSERT INTO Course_Material VALUES ("Difficult as hell-2","006",6);
INSERT INTO Course_Material VALUES ("Background of zoo-2","003",4);
INSERT INTO Course_Material VALUES ("Background of animal-2","003",5);
INSERT INTO Course_Material VALUES ("Background of human-2","003",6);
INSERT INTO Course_Material VALUES ("Background of java-2","010",2);
INSERT INTO Course_Material VALUES ("Background of web-3","009",7);
INSERT INTO Course_Material VALUES ("HTML-3","009",8);
INSERT INTO Course_Material VALUES ("PHP-3","009",9);
INSERT INTO Course_Material VALUES ("Background of math-3","006",7);
INSERT INTO Course_Material VALUES ("Easy math-3","006",8);
INSERT INTO Course_Material VALUES ("Difficult as hell-3","006",9);
INSERT INTO Course_Material VALUES ("Background of zoo-3","003",7);
INSERT INTO Course_Material VALUES ("Background of animal-3","003",8);
INSERT INTO Course_Material VALUES ("Background of human-3","003",9);
INSERT INTO Course_Material VALUES ("Background of java-3","010",3);
INSERT INTO Course_Material VALUES ("Quadratic Equations Basics","005",1);
 
 
/*DML Queries to populate the table Completes_Material*/
INSERT INTO Completes_Material VALUES("006","106","Background of math-1","2016-12-11","10:15:34");
INSERT INTO Completes_Material VALUES("006","106","Difficult as hell-3","2016-03-14","08:15:34");
INSERT INTO Completes_Material VALUES("007","107","Quadratic Equations Basics","2016-04-17","10:15:34");
INSERT INTO Completes_Material VALUES("009","112","Background of web-1","2017-06-21","11:15:34");
INSERT INTO Completes_Material VALUES("009","112","Background of web-2","2016-12-25","12:45:34");
INSERT INTO Completes_Material VALUES("003","112","Background of human-3","2016-12-29","11:35:34");
INSERT INTO Completes_Material VALUES("003","107","Background of zoo-1","2017-03-11","01:15:34");
INSERT INTO Completes_Material VALUES("010","113","Background of java-1","2017-01-23","06:15:34");
INSERT INTO Completes_Material VALUES("010","113","Background of java-2","2017-12-14","09:15:34");
INSERT INTO Completes_Material VALUES("006","113","Easy math-3","2017-05-10","10:15:34");
 
 
/*DML Queries to populate the table Course_Question*/
INSERT INTO Course_Question VALUES (1, "009", "Why did I take this course?");
INSERT INTO Course_Question VALUES (2, "010","What do I expect to learn from this course?");
INSERT INTO Course_Question VALUES (3, "003", "Why does the teacher hate me?");
INSERT INTO Course_Question VALUES (4, "005", "When is the second assignment due?");
INSERT INTO Course_Question VALUES (5, "006","What is the syllabus for test 1?");
INSERT INTO Course_Question VALUES (6, "006","When is the midterm?");
INSERT INTO Course_Question VALUES (7, "006","Do we have a class today?");
INSERT INTO Course_Question VALUES (8, "006","When is hw1 due?");
INSERT INTO Course_Question VALUES (9, "006","When is hw3 due?");
INSERT INTO Course_Question VALUES (10, "006","Do we have class tomorrow?");
 
 
/*DML Queries to populate the table Likes*/
INSERT INTO Likes VALUES(1,"001",2,"112");
INSERT INTO Likes VALUES(2,"004",5,"112");
INSERT INTO Likes VALUES(3,"005",5,"107");
INSERT INTO Likes VALUES(4,"002",3,"112");
INSERT INTO Likes VALUES(5,"001",1,"113");
INSERT INTO Likes VALUES(6,"002",4,"113");
INSERT INTO Likes VALUES(7,"006",3,"106");
INSERT INTO Likes VALUES(8,"007",2,"107");
INSERT INTO Likes VALUES(9,"004",5,"112");
INSERT INTO Likes VALUES(10,"007",2,"106");
 
/*DML Queries to populate the table Download*/
INSERT INTO Download VALUES ("Background of web-1", "009","assets/docs/c1.pdf",356,"text/plain");
INSERT INTO Download VALUES ("HTML-1","009","assets/docs/c2.pdf",12,"text/plain");
INSERT INTO Download VALUES ("PHP-1","009","assets/docs/c3.pdf",201.1,"text/plain");
INSERT INTO Download VALUES ("Background of math-1","006","assets/docs1/c1.pdf",122,"text/plain");
INSERT INTO Download VALUES ("Easy math-1","006","assets/docs1/c2.pdf",112,"text/plain");
INSERT INTO Download VALUES ("Difficult as hell-1","006","assets/docs1/c3.pdf",12,"text/html");
INSERT INTO Download VALUES ("Background of zoo-1","003","assets/docs3/c1.pdf",12,"text/plain");
INSERT INTO Download VALUES ("Background of animal-1","003","assets/docs3/c2.pdf",12,"text/plain");
INSERT INTO Download VALUES ("Background of human-1","003","assets/docs3/c3.pdf",12,"text/plain");
INSERT INTO Download VALUES ("Background of java-1","010","assets/docs4/c1.pdf",12,"text/html");
 
 
/*DML Queries to populate the table URL-Type*/
INSERT INTO Url_Type VALUES ("www.youtube.com/background-of-web-2","video");
INSERT INTO Url_Type VALUES ("www.youtube.com/html-2","video");
INSERT INTO Url_Type VALUES ("www.youtube.com/php-2","video");
INSERT INTO Url_Type VALUES ("www.youtube.com/background-of-math-2","video");
INSERT INTO Url_Type VALUES ("www.youtube.com/easy-math-2","video");
INSERT INTO Url_Type VALUES ("www.youtube.com/difficult-hell-2","audio");
INSERT INTO Url_Type VALUES ("www.youtube.com/background-of-zoology-2","audio");
INSERT INTO Url_Type VALUES ("www.youtube.com/background-of-animal-2","audio");
INSERT INTO Url_Type VALUES ("www.youtube.com/background-of-human-2","audio");
INSERT INTO Url_Type VALUES ("www.youtube.com/background-of-java-2","audio");
 
/*DML Queries to populate the table Link*/
INSERT INTO Link VALUES ("www.youtube.com/background-of-web-2","Background of web-2","009");
INSERT INTO Link VALUES ("www.youtube.com/html-2","HTML-2","009");
INSERT INTO Link VALUES ("www.youtube.com/php-2","PHP-2","009");
INSERT INTO Link VALUES ("www.youtube.com/background-of-web-2","Background of math-2","006");
INSERT INTO Link VALUES ("www.youtube.com/easy-math-2","Easy math-2","006");
INSERT INTO Link VALUES ("www.youtube.com/difficult-hell-2","Difficult as hell-2","006");
INSERT INTO Link VALUES ("www.youtube.com/background-of-zoology-2","Background of zoo-2","003");
INSERT INTO Link VALUES ("www.youtube.com/background-of-animal-2","Background of animal-2","003");
INSERT INTO Link VALUES ("www.youtube.com/background-of-human-2","Background of human-2","003");
INSERT INTO Link VALUES ("www.youtube.com/background-of-java-2","Background of java-2","010");
 
 
/*DML Queries to populate the table Post*/
INSERT INTO Post VALUES ("Background of web-3", "009","blablablabla");
INSERT INTO Post VALUES ("HTML-3","009","blablablabla");
INSERT INTO Post VALUES ("PHP-3","009","blablablabla");
INSERT INTO Post VALUES ("Background of math-3","006","blablablabla");
INSERT INTO Post VALUES ("Easy math-3","006","blablablabla");
INSERT INTO Post VALUES ("Difficult as hell-3","006","blablablabla");
INSERT INTO Post VALUES ("Background of zoo-3","003","blablablabla");
INSERT INTO Post VALUES ("Background of animal-3","003","blablablabla");
INSERT INTO Post VALUES ("Background of human-3","003","blablablabla");
INSERT INTO Post VALUES ("Background of java-3","010","blablablabla");
 
 
/*DML Queries to populate the table VisibleTo*/
INSERT INTO VisibleTo VALUES ("1", "009", "109", 1, "Because you need to graduate");
INSERT INTO VisibleTo VALUES ("2", "010", "107", 1, "You’ll learn how to code in Java programming language");
INSERT INTO VisibleTo VALUES ("3", "003", "107", 0, "I do not hate anyone.");
INSERT INTO VisibleTo VALUES ("4", "005", "108", 1, "It is due on next Monday.");
INSERT INTO VisibleTo VALUES ("5", "006", "109", 1, "Everything");
INSERT INTO VisibleTo VALUES ("6", "006", "109", 1, "Next Monday!");
INSERT INTO VisibleTo VALUES ("7", "006", "109", 1, "Yes.");
INSERT INTO VisibleTo VALUES ("8", "006", "109", 1, "It was due last week.");
INSERT INTO VisibleTo VALUES ("9", "006", "109", 1, "It is due next Wednesday.");
INSERT INTO VisibleTo VALUES ("10", "006", "109", 1, "No.");
 
 
/*DML Queries to populate the table Belongs_To*/
INSERT INTO Belongs_To VALUES ("009", 1, "Background of web-1");
INSERT INTO Belongs_To VALUES ("010", 2, "Background of java-1");
INSERT INTO Belongs_To VALUES ("003", 3, "Background of animal-1");
INSERT INTO Belongs_To VALUES ("005", 4, "Quadratic Equations Basics");
INSERT INTO Belongs_To VALUES ("006", 5, "Easy math-1");
INSERT INTO Belongs_To VALUES ("006", 6, "Easy math-2");
INSERT INTO Belongs_To VALUES ("006", 7, "Easy math-3");
INSERT INTO Belongs_To VALUES ("006", 8, "Difficult as hell-1");
INSERT INTO Belongs_To VALUES ("006", 9, "Difficult as hell-2");
INSERT INTO Belongs_To VALUES ("006", 10, "Difficult as hell-3");
 
 
 

